start	end	text
0.7230379746835442	2.631054852320675	Insomma, questa è la vita dello youtuber.
3.080526315789474	5.063782894736842	Resta pur sempre questa finzione della fotocamera.
5.22	5.260344827586207	uh
