start	end	text
0.14046822742474918	3.8327759197324416	negli ultimi mesi mi ha succhiato veramente un sacco di tempo
4.140760869565217	5.568478260869565	ma non è questo l'argomento del video
5.8609467455621305	7.0076923076923086	quindi ci vediamo dopo pranzo
7.260869565217392	8.668478260869566	quindi è stato il del anno scorso
8.961128318584072	10.230013827433629	primo anno di università finito
10.685122767857143	10.952522321428571	bene
