start	end	text
0.0	0.7033492822966507	Primo giorno di università superato
2.2802859477124184	4.448006535947712	E poi piano piano ho smesso completamente di parlarne
4.721988636363637	5.25060606060606	mangiamo com-
