start	end	text
0.6631069711538461	3.0543108974358972	5 app per risparmiare soldi ogni giorno
