start	end	text
0.20204545454545453	1.11125	vostra stessa idea.
