start	end	text
0.28115090090090084	1.767234234234234	di particolari competenze
