start	end	text
0.2432619047619048	1.1960376984126986	sono fermamente convinto
