start	end	text
0.32198333333333334	2.274007291666667	e anche bene dico soltanto che
