start	end	text
0.2621381578947369	1.2905263157894737	ci vale su questi siti
