start	end	text
0.12038228155339806	0.5818476941747572	delle idee.
