start	end	text
0.401311320754717	4.956194811320755	parte delle cose che dicono sono caz*****e perché non facilmente applicabili. I titoli
5.212264705882353	5.296352941176471	con
