start	end	text
0.6406121495327103	6.9065997371495325	200 euro al giorno online o come guadagnare nel 2022 100 euro al giorno comodamente da casa
7.301972891566265	8.527990210843374	mi fanno credere che basta met-
