start	end	text
1.1839464882943145	4.294314381270903	La seconda è che è passato tutto lo stress di questo periodo,
4.543624161073826	5.89261744966443	si aprono degli anni interessanti.
6.024096385542169	8.775100401606426	Anni dove uno può sperimentare, testare della roba nuova,
8.0	8.342281879194632	conoscersi, capire.
9.0	9.322147651006711	È un bel periodo.
10.963855421686747	13.594377510040161	E la terza, nove trend tecnologici,
13.845572860962568	15.597116644385027	nove direzioni della tecnologia,
15.0	16.744527298850578	della tecnologia, di quello che è un po' il mondo.
