start	end	text
0.3413654618473896	0.9036144578313253	questo mondo...
3.14070351758794	5.7537688442211055	C'è bisogno di tecnici che sviluppano, c'è bisogno di promuovere,
5.843373493975903	8.734939759036145	c'è bisogno di vendere, c'è bisogno di costruire un interecosistema.
8.882943143812708	12.51505016722408	Ultimi due trend. Sicurezza. In tutto questo bel barilotto digitale
12.602409638554217	15.654618473895582	ci saranno mille casini. Chi si mette nel mondo della sicurezza
15.0	15.783132530120483	senz'altro avrà del lavoro. Tanto lavoro.
18.522088353413654	21.413654618473895	Collegato è l'argomento del detox. Una volta che siamo tutti
21.10054409898477	23.272296637055838	che siamo tutti super super digitalizzati,
23.50552512886598	24.71878543814433	avremo bisogno di staccare.
