start	end	text
0.020080321285140562	3.1726907630522088	una miseramente altra invece, una cosa che esploderanno
3.0	6.092369477911646	e a quel punto sarà furbo infilarsi in quella direzione.
6.402010050251256	8.512562814070352	Ma prima, finitevi il vostro esame di maturità,
8.725196774193549	10.618766129032258	fatemi una bella dormita quando è finito tutto,
10.163254545454546	11.040747727272727	finito tutto, perché comunque...
