start	end	text
0.12048192771084337	2.8714859437751006	La puoi affrontare dal punto di vista medico, chirurgico,
3.0603015075376883	4.869346733668342	la puoi affrontare dal punto di vista psicologico,
5.0	6.469798657718121	di quanto avremo bisogno di supporto,
6.0	6.64321608040201	di quanto saremo pazzi e furiosi.
8.100671140939598	9.187919463087248	Altra opportunità.
9.523489932885905	9.74496644295302	Numero 3.
10.825503355704697	12.63758389261745	Ogni volta che senti la parola
11.140660539215686	12.84868137254902	C'è in Ethereum ICO
