start	end	text
0.36111455108359136	4.112693498452012	Abbiamo il grande vantaggio di vivere in una società in cui ormai qualunque informazione
4.641372093023256	5.912177325581395	è facile da trovare online.
6.347096698113208	7.061707547169811	non sto scherzando
