start	end	text
0.1407035175879397	1.206030150753769	sul mercato della soia.
2.1406222222222224	4.511111111111111	Era delle limitazioni che avvenivano impostate dal governo.
4.6809142857142865	5.746971428571428	Però, qual è il fatto?
6.220765957446808	8.289531914893617	Che più voi conoscete quello che state tradando,
8.941028571428571	10.047314285714286	e più siete avvantaggiati?
10.481584507042253	11.086338028169013	Mi sembra ovvio.
11.341196808510638	12.090053191489362	Facciamo un esempio.
12.443375	12.978	dollarnef Vince
