start	end	text
0.12016289062499999	5.006787109375	Usate la mia inutile predica monologo stupidissimo, ma abbiamo questi due pacchi da aprire
5.401566598360655	5.461993852459016	Sì
5.9836197916666665	6.368204861111111	Allora in...
