start	end	text
0.16080402010050251	1.3467336683417086	niente adesso spacco tutto
2.845218373493976	3.8514307228915667	ahhh penne
4.446875	5.2390625	tante penne
