start	end	text
0.020085106382978727	2.4102127659574473	E' volato il tempo, a me sembrava inizio settembre
2.9209661835748792	4.488502415458937	Dieri, invece, neh, mmm
4.9400812737642585	9.666474809885933	E quindi sono incasinatissimo, cioè so a ma la pena che ora devo presentarmi in università
9.861257352941177	10.147125	Perchè si...
