start	end	text
0.40122324159021405	4.57394495412844	Sofía e Luigi sono qui, il mare è lontano
7.308227424749164	7.910234113712375	Da entrambi
9.120912052117264	13.515179153094461	Quindi il verbo andare si usa per parlare di un movimento
13.902578796561604	18.034383954154727	verso un luogo lontano da tutte le persone che parlano
18.943186440677966	22.133966101694917	Nessuna delle persone è in quel luogo
23.766501766784454	25.65314487632509	Luigi andiamo al mare
27.203110000000002	35.05834899999999	Il mare è là. Luigi e Sofia non sono al mare. Vediamo degli altri esempi.
