start	end	text
0.0	1.1237458193979935	Non ci pensare, stai solo facendo il tuo mestiere.
4.9426934097421205	8.312320916905446	Ecco, quando l'ho ascoltato ho detto ma dai, ma dai!
9.221078663793103	9.522549568965516	Vedi?
10.040344696969697	11.331375	Ah, ci vedo che non è una cosa che...
