start	end	text
0.6421404682274248	3.5317725752508364	Ma non è una cosa che ho inventato io, è una cosa che si usa.
4.100502512562814	5.829145728643216	Allora vi faccio un esempio che è curioso.
7.06425702811245	8.831325301204819	C'è un cantautore che si chiama Eugenio Finardi, no?
9.0	10.022922636103152	C'è un suo disco, del 1976, che si chiama Sugo.
14.020057306590259	18.593123209169054	In questo disco, Sugo, c'è una cantone che si chiama Sulla Strada,
20.96403164556962	23.849955696202528	ed è il racconto della vita da musicista.
24.181772727272726	25.23201515151515	loro che sui notti
