start	end	text
0.02004175365344468	7.615866388308978	Allora si tratta di questa, tu non devi fare così, tu non devi fare così, tu devi fare
7.6000000000000005	7.680288808664261	Così.
