start	end	text
0.24100418410041846	2.1087866108786613	perché c'è l'ansia di mezzo appunto
3.0411940298507463	4.407960199004975	aveva capitato di parlare con una persona
5.080918874172185	5.863905215231788	di cui ho una stima
6.862385912698413	7.427524801587301	enorme.
