start	end	text
0.36114285714285715	3.5913650793650795	Ternatele mischiatele fate quello che fate quello che volete provatele e
4.400508741258742	7.077424388111888	e funziona.
