start	end	text
0.2613065326633166	0.4020100502512563	eeeh...
2.0	2.5025125628140703	vedi questo?
4.1407109375	4.5829453125	ci si vede
6.0	6.264987847222222	Grazie e ciao!
