start	end	text
1.1045267489711934	2.3496296296296295	Non è proprio il mio parlare in pubblico!
2.88	3.4433333333333334	E le ho detto questa persona!
4.26	4.501610738255033	Ma preparati!
5.663482142857143	6.914276785714286	No, no, no, no, no, no, no, no!
7.243988636363636	7.471301136363636	Come no?
