start	end	text
0.10040160642570281	1.9879518072289157	In camerino mi sono accorto che...
3.140228693181818	5.1234630681818185	Ah, mi era sfuggito una cosa, non sape...
5.860438262195122	7.186223323170732	Ah, non ero sicuro del nome!
