start	end	text
0.5021763392857143	3.394712053571429	o di una data, aspetta, com'è che è? Era nel 1231, era nel 1320.
