start	end	text
0.0	0.6626506024096386	da solo, così mi viene la tensione.
5.124700827205882	6.427583409926471	Non devo scacciare via l'ansia,
7.080670138888889	8.310889756944444	vi devo far venire l'attenzione
