start	end	text
0.24140350877192981	1.0863157894736841	perché ti viene l'ansia?
1.681012658227848	3.970632911392405	perché tu percepisci te stesso come una cosa che sta qui
4.320493827160494	5.8869135802469135	e quello che devi fare è come una cosa che sta qui
7.340988593155894	10.091406844106464	cioè non ti senti all'altezza, ti viene l'ansia, non ti senti all'altezza
10.640936454849498	11.36334448160535	allora cosa fai?
14.540320889261745	15.201497483221475	tu ti devi portare qua
