start	end	text
0.0	2.005141388174807	è migliore di me, vai che spacco tutto, dai che ce la fanno, vai ma chi sei, ma chi sono
5.8	6.080718495934959	così?
7.000864726027397	7.221815924657534	Cosa è?
7.820274456521739	8.205489130434783	se menzio
