start	end	text
0.7617715617715619	6.615384615384616	E lo so, non è sano, è un po' tossico come comportamento, però a mani estremi estremi
6.6000000000000005	7.042953020134229	di medi.
8.745907206632653	11.278965242346938	Rientri in te stesso, recuperi la sanità mentale.
