start	end	text
2.1635514705882355	5.909700776143792	non si sente più ok più viso l'aiutino
