start	end	text
0.12049382716049381	2.811522633744856	la facciamo andare molto più veloce di quanto dovrebbe.
3.842630136986301	8.2346301369863	Quando tu vedi il primo iceberg nel film, non quello che li uccide,
8.360535117056855	12.133110367892977	ma quando vedi il primo iceberg, ti sale un brivido lungo la schiena.
12.481133603238867	15.011336032388664	Perché? Perché sai che stanno correndo troppo?
15.962451219512195	17.647598780487805	In un'acqua piena di pericoli.
18.64737	19.252395	se non avessi
