start	end	text
0.10038610038610038	2.9714285714285715	Perché tanto se qualcuno è in pericolo, eh, vabbè, sì, tornerà.
4.926907630522088	5.971084337349398	Vi sembra il caso?
6.662062780269059	8.530403587443946	Vi sembra il caso di costruirla così una storia?
8.96076712328767	13.874191780821917	Quali emozioni provi se non puoi provare paura per il protagonista in pericolo?
15.484852459016393	17.952918032786886	Niente, zero. Assolutamente zero.
18.440412470023983	24.348017386091126	In Batman Dark Knight Rises c'è questa scena in cui Bruce Wayne viene rinchiuso da Bane in un Gulag.
24.48	24.68108585858586	Sottoterra
