start	end	text
0.14051094890510948	3.8339416058394162	profondo del cuore perché è una frase che parte da gente
4.644935064935066	6.191601731601732	che non capisce la differenza tra
6.140000000000001	10.302284416299559	fra fruizione di un'opera e analisi di un'opera.
