start	end	text
1.1209655172413793	5.164448275862069	il parco a il al parco
