start	end	text
0.4413213213213213	4.312912912912912	Vado a casa e vado a scuola.
5.260910518053375	15.456891679748821	Con la parola stazione abbiamo due possibilità, vado alla stazione o vado in stazione e usiamo
15.44	15.702081611570247	vado o sono.
