start	end	text
0.9220489977728286	6.815144766146994	Vado in edicola a comprare un giornale o una rivista.
8.062360801781738	13.875278396436526	Vado in montagna a sciare o a fare una passeggiata.
14.983277591973245	17.11036789297659	Vado in campagna.
18.842809364548494	20.74916387959866	Vado in periferia.
22.721804511278194	28.476190476190474	Non è una regola, infatti abbiamo anche parole maschili con IN.
28.28123890186916	32.25876051401869	In, per esempio, vado in ufficio, vado in ufficio, vado in ufficio, vado in ufficio,
