start	end	text
0.9237741312741312	4.458214285714285	allozzo quindi con molti ma non
