start	end	text
0.7008588957055215	14.35759509202454	e con questi verbi abbiamo tre possibilità a, in o da, ma nel video di oggi chiariamo
14.761101519337016	16.726008287292817	il punto più complicato.
17.401647727272728	17.482746212121214	QUAN?
