start	end	text
0.0	0.46169741697416966	farmacia o in farmacia
3.6820025	4.105506875	pensate
