start	end	text
0.0	0.9633217993079586	è un nome di un posto in IA, ed è anche femminile.
3.8000000000000003	4.0005158132530125	Un'altro!
