start	end	text
0.4808743169398907	8.775956284153006	Dove sei? Sono in cucina, sono a cucina o sono in cucina, pensate.
15.18363939899833	22.79632721202003	Sono in cucina, perché? Perché cucina è una stanza della casa, quindi in.
23.060134342783506	23.340761275773197	E un altro...
