start	end	text
0.3006289308176101	6.433459119496856	Abito mmh mmh Italia mmh mmh Milano mmh mmh via Garibaldi 55
7.961777777777778	9.106844444444445	pensate a o in
10.08	10.74120218579235	Siete pronti?
