start	end	text
0.38057743818681317	4.8874155219780215	in Italia, a Milano, in via Garibaldi 55, perché?
