start	end	text
0.6427857142857143	4.7405446428571425	Per esempio, vado a Milano.
