start	end	text
0.2607842167721519	6.178579905063291	è una città, o Giulia va a New York
