start	end	text
0.12049282094594595	5.321766258445946	con i verbi all'infinito, per esempio
