start	end	text
0.26038247455470737	7.7313565521628504	Verbi all'infinito e numero 3 usiamo a con
