start	end	text
2.5887299254966885	5.639016349337748	abitiamo in Giappone
