start	end	text
0.3006031050955414	6.052142515923567	è una regione italiana. Sono in Sicilia.
