start	end	text
0.1801551724137931	5.684896551724138	continente o loro vanno in Africa
