start	end	text
0.7409122706422019	5.646952981651376	in o andiamo in piazza 10
