start	end	text
1.763127142857143	6.751975535714285	va bene? e numero 3 usiamo in con le s
