start	end	text
0.2607842167721519	5.6369511471518985	in IA, che finiscono in IA. Per esempio...
