start	end	text
0.8416699801192843	8.23634194831014	tabaccheria per comprare le sigarette o per comprare i biglietti del tram e
8.221373369565217	9.816872826086957	e dell'autobus, ok?
