start	end	text
0.8010875000000001	7.129678750000001	a luogo, verso dove, la destinazione.
